policy,subset,n,solve_rate,gt_at1,gt_at5,gt_overlap,mean_depth,mean_time_s
uspto,ALL,100,0.66,0.14,0.2,0.31354000000000004,2.82,27.659499999999998
uspto,all_chemical,25,0.6,0.16,0.2,0.33524,2.88,28.9016
uspto,all_enzymatic,42,0.5238095238095238,0.047619047619047616,0.047619047619047616,0.2591428571428572,3.142857142857143,31.028809523809525
uspto,chemoenzymatic,28,0.8928571428571429,0.25,0.42857142857142855,0.35321428571428576,2.392857142857143,21.787857142857142
