policy,subset,n,solve_rate,gt_at1,gt_at5,gt_overlap,mean_depth,mean_time_s
uspto+enz,ALL,100,0.72,0.13,0.21,0.31270000000000003,2.76,36.99249999999999
uspto+enz,all_chemical,25,0.64,0.16,0.2,0.33524,3.08,39.566
uspto+enz,all_enzymatic,42,0.6190476190476191,0.023809523809523808,0.047619047619047616,0.25595238095238093,2.738095238095238,40.71142857142858
uspto+enz,chemoenzymatic,28,0.8928571428571429,0.25,0.4642857142857143,0.35500000000000004,2.6785714285714284,29.083571428571435
